{
	"description": "项目配置文件。",
	"setting": {
		"urlCheck": false,
		"es6": true,
		"postcss": true,
		"minified": true,
		"newFeature": true
	},
	"compileType": "miniprogram",
	"libVersion": "2.0.8",
	"appid": "wxae5e1c354e373021",
	"projectname": "Jshop%E7%B2%BE%E9%80%89",
	"condition": {
		"search": {
			"current": -1,
			"list": []
		},
		"conversation": {
			"current": -1,
			"list": []
		},
		"plugin": {
			"current": -1,
			"list": []
		},
		"game": {
			"list": []
		},
		"miniprogram": {
			"current": -1,
			"list": [
				{
					"id": 0,
					"name": "共享店铺1直接扫码访问效果",
					"pathName": "pages/index/index",
					"query": "scene=C8B359"
				}
			]
		}
	}
}