[{"fields":[{"displayName":"用户微信昵称","id":"m8q1vjsz2c959nbgo88y5fyb7fsk6gsk","name":"name","order":0,"type":"String"},{"defaultValue":"0","description":"-1订单取消\n0新下单待上餐\n1待用户评价\n2订单已完成","displayName":"订单状态","enumElementType":"number","enumElements":[{"label":"订单取消","value":-1},{"label":"新下单待上餐","value":0},{"label":"已上餐待用户评价","value":1},{"label":"订单已完成","value":2}],"id":"f8sy1pq0eqkdx6umtvhhpj9s96k5h46z","name":"status","order":1,"type":"Enum"},{"displayName":"地址或桌号","id":"1cjixjfwmtd7eh00hm9hdks5r00o4v0o","name":"address","order":2,"type":"String"},{"displayName":"备注","id":"nf32xgjh2ah23vk9i10gevjme86p46fp","name":"beizhu","order":3,"type":"String"},{"defaultValue":1,"displayName":"就餐人数","id":"ubvhplplc1abw5vbtd81wf6nic15sce5","name":"renshu","order":4,"type":"Number"},{"displayName":"用户购买菜品","id":"0b31f3fqahpa28b0vmg0lqh939yg70e4","name":"orderList","order":5,"type":"Object"},{"dateFormatType":"timestamp-ms","description":"系统字段，请勿随意修改","displayName":"创建时间","id":"_createTime","isOrderField":false,"isSystem":true,"name":"_createTime","orderDirection":"desc","type":"DateTime"},{"dateFormatType":"timestamp-ms","description":"系统字段，请勿随意修改","displayName":"修改时间","id":"_updateTime","isSystem":true,"name":"_updateTime","type":"DateTime"},{"displayName":"订单总价格","id":"vm2elywssee8ukabunv55xmb40xfm69k","name":"totalPrice","order":8,"type":"String"}],"collectionName":"order","displayName":"订单表","_id":"28ee4e3e6023cca1044f88c54cc7ca97"},{"fields":[{"displayName":"排号日期","id":"o12oevq1o9njm92ql02w4hvmc0hhxd7u","name":"date","order":0,"type":"String"},{"defaultValue":0,"displayName":"小桌当前可就餐号码","id":"4hftsjo6ret4og53hw360k8vwd7g0my6","name":"xiaozhuonum","order":1,"type":"Number"},{"defaultValue":0,"displayName":"大桌当前可就餐号码","id":"ij0seo67dn6gbi64w33uds43ndzu8e9k","name":"dazhuonum","order":2,"type":"Number"},{"displayName":"大桌排号","id":"9yxben0mht4ho24o827jspfewxehhr4l","name":"dazhuo","order":3,"type":"Array"},{"displayName":"小桌排号","id":"vq5sih7gqg92lp8co5pb6ecf2markeld","name":"xiaozhuo","order":4,"type":"Array"},{"copyable":true,"description":"CMS 系统字段，请勿随意修改","displayName":"文档 ID","id":"_id","isHidden":true,"isSystem":true,"name":"_id","type":"String"},{"dateFormatType":"timestamp-ms","description":"系统字段，请勿随意修改","displayName":"创建时间","id":"_createTime","isSystem":true,"name":"_createTime","type":"DateTime"},{"dateFormatType":"timestamp-ms","description":"系统字段，请勿随意修改","displayName":"修改时间","id":"_updateTime","isSystem":true,"name":"_updateTime","type":"DateTime"}],"collectionName":"paihao","displayName":"排号","_id":"79550af260290e9604ccd27f5405ac2b"},{"fields":[{"displayName":"菜品分类","enumElementType":"string","enumElements":[{"label":"店长推荐","value":"店长推荐"},{"label":"新品推荐","value":"新品推荐"},{"label":"活动推荐","value":"活动推荐"},{"label":"经典套餐","value":"经典套餐"},{"label":"粥品汤类","value":"粥品汤类"},{"label":"面食","value":"面食"},{"label":"酒水饮料","value":"酒水饮料"},{"label":"主食主菜","value":"主食主菜"},{"label":"早餐","value":"早餐"},{"label":"晚餐","value":"晚餐"}],"id":"zt5mivizg4tgdof0pp9q9d5roes6ke55","isRequired":true,"name":"fenlei","order":0,"type":"Enum"},{"displayName":"菜品名","id":"64e29ko0o0ycdduknshj6p5558g2kpa5","name":"name","order":1,"type":"String"},{"displayName":"菜品价格","id":"4iroi681tok4tr34ebwa9w0npnevu3ng","name":"price","order":2,"type":"Number"},{"displayName":"菜品上架状态","enumElementType":"string","enumElements":[{"label":"上架","value":"上架"},{"label":"下架","value":"下架"}],"id":"zr8p3hej61dtertt9d756fsdjt919fnq","name":"status","order":3,"type":"Enum"},{"defaultValue":0,"displayName":"销量","id":"kn2i058g3vsq8ygf8otj7h7u99ep119b","name":"sell","order":4,"type":"Number"},{"displayName":"菜品图片","id":"wmmq6qxra3bjsp2t9239l6zq6v6s0m34","name":"icon","order":5,"resourceLinkType":"fileId","type":"Image"},{"dateFormatType":"timestamp-ms","description":"系统字段，请勿随意修改","displayName":"创建时间","id":"_createTime","isSystem":true,"name":"_createTime","type":"DateTime"},{"dateFormatType":"timestamp-ms","description":"系统字段，请勿随意修改","displayName":"修改时间","id":"_updateTime","isSystem":true,"name":"_updateTime","type":"DateTime"}],"collectionName":"food","displayName":"菜品","description":"菜品数据","_id":"79550af26023746d03d8630759fc5694"},{"fields":[{"dateFormatType":"timestamp-ms","description":"系统字段，请勿随意修改","displayName":"创建时间","id":"_createTime","isSystem":true,"name":"_createTime","type":"DateTime"},{"dateFormatType":"timestamp-ms","description":"系统字段，请勿随意修改","displayName":"修改时间","id":"_updateTime","isSystem":true,"name":"_updateTime","type":"DateTime"},{"displayName":"图片","id":"n1ywhthvr3pywyldiyzjonjzrigsueub","name":"picUrl","order":2,"resourceLinkType":"fileId","type":"Image"}],"collectionName":"lunbotu","displayName":"轮播图","description":"首页顶部轮播图，推荐热门菜品","_id":"b00064a7602371f8040333e766175a2e"},{"fields":[{"dateFormatType":"timestamp-ms","description":"系统字段，请勿随意修改","displayName":"创建时间","id":"_createTime","isSystem":true,"name":"_createTime","type":"DateTime"},{"dateFormatType":"timestamp-ms","description":"系统字段，请勿随意修改","displayName":"修改时间","id":"_updateTime","isSystem":true,"name":"_updateTime","type":"DateTime"},{"displayName":"账号名","id":"t1av0wc8jim7a8ea98p3jju81dh47yn8","name":"name","order":2,"type":"String"},{"displayName":"密码","id":"izpe4yji6md4i5ycwwcm85gzjxzw5bow","name":"password","order":3,"type":"String"}],"collectionName":"admin","displayName":"管理员","description":"小程序端后厨管理订单，管理排号。","_id":"79550af2602889fc04b23efa147abb02"},{"fields":[{"dateFormatType":"timestamp-ms","description":"系统字段，请勿随意修改","displayName":"创建时间","id":"_createTime","isSystem":true,"name":"_createTime","type":"DateTime"},{"dateFormatType":"timestamp-ms","description":"系统字段，请勿随意修改","displayName":"修改时间","id":"_updateTime","isSystem":true,"name":"_updateTime","type":"DateTime"},{"displayName":"用户名","id":"r224f33upej3jk98qti3rk18joh8lz4n","name":"name","order":2,"type":"String"},{"displayName":"订单号","id":"5sv5nbjy56xlqnlibg3lek2z694ic3sl","name":"orderId","order":3,"type":"String"},{"displayName":"用户头像","id":"uv9rsqgoexrraykjq3v4btbyooszyoco","name":"avatarUrl","order":4,"resourceLinkType":"https","type":"Image"},{"displayName":"评论内容","id":"5y71d4sptzgp0xsayj28lhv263bcvgf1","name":"content","order":5,"type":"MultiLineString"}],"collectionName":"pinglun","displayName":"评论","_id":"b00064a76023d836041d3bf4771dfc1f"}]