{
  "setting": {},
  "condition": {
    "plugin": {
      "list": []
    },
    "game": {
      "list": []
    },
    "gamePlugin": {
      "list": []
    },
    "miniprogram": {
      "list": [
        {
          "name": "分类页面",
          "pathName": "pages/category/category",
          "query": "",
          "scene": null
        },
        {
          "name": "商品列表",
          "pathName": "pages/goods_list/goods_list",
          "query": "cid=5",
          "scene": null
        },
        {
          "name": "商品详情",
          "pathName": "pages/goods_detail/goods_detail",
          "query": "id=8e170652619c54d80514c1a74b1febb2",
          "scene": null
        },
        {
          "name": "购物车",
          "pathName": "pages/cart/cart",
          "query": "",
          "scene": null
        },
        {
          "name": "支付",
          "pathName": "pages/pay/pay",
          "query": "",
          "scene": null
        },
        {
          "name": "授权",
          "pathName": "pages/auth/auth",
          "query": "",
          "scene": null
        },
        {
          "name": "登录授权页面",
          "pathName": "pages/login/login",
          "query": "",
          "scene": null
        },
        {
          "name": "我的页面",
          "pathName": "pages/user/user",
          "query": "",
          "scene": null
        },
        {
          "name": "订单查询",
          "pathName": "pages/order/order",
          "query": "type=1",
          "scene": null
        },
        {
          "name": "收藏",
          "pathName": "pages/collect/collect",
          "query": "",
          "scene": null
        },
        {
          "name": "搜索页面",
          "pathName": "pages/search/search",
          "query": "",
          "scene": null
        },
        {
          "name": "意见反馈",
          "pathName": "pages/feedback/feedback",
          "query": "",
          "scene": null
        },
        {
          "name": "个人中心",
          "pathName": "pages/own/own",
          "query": "",
          "scene": null
        }
      ]
    }
  }
}