{
  "description": "项目配置文件",
  "cloudfunctionRoot": "cloud/",
  "packOptions": {
    "ignore": []
  },
  "setting": {
    "urlCheck": false,
    "es6": true,
    "enhance": false,
    "postcss": true,
    "preloadBackgroundData": false,
    "minified": true,
    "newFeature": false,
    "coverView": true,
    "nodeModules": false,
    "autoAudits": false,
    "showShadowRootInWxmlPanel": false,
    "scopeDataCheck": false,
    "uglifyFileName": false,
    "checkInvalidKey": true,
    "checkSiteMap": true,
    "uploadWithSourceMap": true,
    "compileHotReLoad": false,
    "useMultiFrameRuntime": true,
    "useApiHook": true,
    "useApiHostProcess": true,
    "babelSetting": {
      "ignore": [],
      "disablePlugins": [],
      "outputPath": ""
    },
    "enableEngineNative": false,
    "useIsolateContext": true,
    "useCompilerModule": true,
    "userConfirmedUseCompilerModuleSwitch": false,
    "userConfirmedBundleSwitch": false,
    "packNpmManually": false,
    "packNpmRelationList": [],
    "minifyWXSS": true,
    "bundle": false
  },
  "compileType": "miniprogram",
  "libVersion": "2.14.1",
  "appid": "wx3512994802205d0a",
  "projectname": "ok-shop",
  "debugOptions": {
    "hidedInDevtools": []
  },
  "scripts": {},
  "isGameTourist": false,
  "cloudfunctionTemplateRoot": "cloudfunctionTemplate",
  "condition": {
    "plugin": {
      "list": []
    },
    "game": {
      "list": []
    },
    "gamePlugin": {
      "list": []
    },
    "miniprogram": {
      "list": [
        {
          "name": "分类页面",
          "pathName": "pages/category/category",
          "query": "",
          "scene": null
        },
        {
          "name": "商品列表",
          "pathName": "pages/goods_list/goods_list",
          "query": "cid=5",
          "scene": null
        },
        {
          "name": "商品详情",
          "pathName": "pages/goods_detail/goods_detail",
          "query": "goods_id=43986",
          "scene": null
        },
        {
          "name": "购物车",
          "pathName": "pages/cart/cart",
          "query": "",
          "scene": null
        },
        {
          "name": "支付",
          "pathName": "pages/pay/pay",
          "query": "",
          "scene": null
        },
        {
          "name": "授权",
          "pathName": "pages/auth/auth",
          "query": "",
          "scene": null
        },
        {
          "name": "登录授权页面",
          "pathName": "pages/login/login",
          "query": "",
          "scene": null
        },
        {
          "name": "个人中心页面",
          "pathName": "pages/user/user",
          "query": "",
          "scene": null
        },
        {
          "name": "订单查询",
          "pathName": "pages/order/order",
          "query": "type=1",
          "scene": null
        },
        {
          "name": "收藏",
          "pathName": "pages/collect/collect",
          "query": "",
          "scene": null
        },
        {
          "name": "搜索页面",
          "pathName": "pages/search/search",
          "query": "",
          "scene": null
        },
        {
          "name": "意见反馈",
          "pathName": "pages/feedback/feedback",
          "scene": null
        }
      ]
    }
  }
}