{
    "cloudfunctionRoot": "cloud/",
    "setting": {
        "urlCheck": true,
        "es6": true,
        "enhance": true,
        "postcss": true,
        "preloadBackgroundData": false,
        "minified": true,
        "newFeature": true,
        "coverView": true,
        "nodeModules": false,
        "autoAudits": false,
        "showShadowRootInWxmlPanel": true,
        "scopeDataCheck": false,
        "uglifyFileName": false,
        "checkInvalidKey": true,
        "checkSiteMap": true,
        "uploadWithSourceMap": true,
        "compileHotReLoad": false,
        "lazyloadPlaceholderEnable": false,
        "useMultiFrameRuntime": true,
        "useApiHook": true,
        "useApiHostProcess": true,
        "babelSetting": {
            "ignore": [],
            "disablePlugins": [],
            "outputPath": ""
        },
        "enableEngineNative": false,
        "useIsolateContext": true,
        "userConfirmedBundleSwitch": false,
        "packNpmManually": false,
        "packNpmRelationList": [],
        "minifyWXSS": true,
        "disableUseStrict": false,
        "showES6CompileOption": false,
        "useCompilerPlugins": false,
        "minifyWXML": true
    },
    "appid": "wx0cc0739e07111f62",
    "projectname": "%E7%82%B9%E9%A4%90%E5%B0%8F%E7%A8%8B%E5%BA%8F%E4%BA%91%E5%BC%80%E5%8F%91%E7%89%88%E7%AC%AC21%E7%AB%A0",
    "libVersion": "2.20.2",
    "condition": {
        "search": {
            "list": []
        },
        "conversation": {
            "list": []
        },
        "plugin": {
            "list": []
        },
        "game": {
            "list": []
        },
        "miniprogram": {
            "list": [
                {
                    "id": -1,
                    "name": "db guide",
                    "pathName": "pages/databaseGuide/databaseGuide"
                }
            ]
        }
    }
}