{
    "navigationBarTitleText": "门店首页",
    "enablePullDownRefresh": true,
    "backgroundTextStyle": "dark",
    "navigationStyle": "custom",
    "usingComponents": {
        "storehome": "../../components/pagestorehome/storehome",
        "categories": "../../components/pagecategories/categories",
        "cart": "../../components/pagecart/cart",
        "usercenter": "../../components/pageusercenter/usercenter",
        "livelist": "../../components/pagelivelist/livelist",
        "stores": "../../components/pagestores/stores",
        "storeselfsupport": "../../components/pagestoreSelfSupport/storeSelfSupport",
        "choice": "../../components/pagechoice/choice",
        "services": "../../components/pageservices/services",
        "customhead": "../../components/customhead/customhead"
    }
}