{
    "navigationBarBackgroundColor": "#ffffff",
    "navigationBarTextStyle": "black",
    "navigationBarTitleText": "送盲盒赚兴币",
    "backgroundColor": "#eeeeee",
    "backgroundTextStyle": "light",
    "usingComponents": {
        "award-list": "../components/award-list/index",
        "buy-history": "../components/buy-history/index",
        "award-history": "../components/award-history/index",
        "share-pop": "../components/share-pop/share-pop",
        "h-dialog": "/@xsyx-components/hanzo-dialog/index",
        "h-pre-sell-tip": "/@xsyx-components/hanzo-pre-sell-tip/index",
        "popup": "/@xsyx-components/hanzo-popup/index",
        "h-loading": "/@xsyx-components/hanzo-page-loading/index",
        "h-icon": "/@xsyx-components/hanzo-icon/index",
        "page-header": "/@xsyx-components/hanzo-navigation/index",
        "page-navigation": "/@xsyx-components/navigation/index",
        "subscribe-recommend": "/@xsyx-components/hanzo-subscribe-recommend/index",
        "subscribe-guide": "/@xsyx-components/hanzo-subscribe-guide/index",
        "h-help-hotline": "/@xsyx-components/hanzo-help-hotline/index",
        "list-loading": "/@xsyx-components/hanzo-list-loading/index",
        "parsale-banner": "/@xsyx-components/hanzo-begin-presale-banner/index",
        "parsale-buoy": "/@xsyx-components/hanzo-begin-prosale-buoy/index",
        "hanzo-out-business-modal": "/@xsyx-components/hanzo-out-business-modal/index",
        "img": "/@xsyx-components/hanzo-img/index",
        "webp-img": "/@xsyx-components/hanzo-img/index"
    }
}