{
    "setting": {
        "compileHotReLoad": true
    },
    "condition": {
        "miniprogram": {
            "list": [
                {
                    "name": "",
                    "pathName": "pages/login/login",
                    "query": "",
                    "launchMode": "default",
                    "scene": null
                },
                {
                    "name": "",
                    "pathName": "pages/register/register",
                    "query": "",
                    "launchMode": "default",
                    "scene": null
                },
                {
                    "name": "",
                    "pathName": "pages/change/change",
                    "query": "goodid=79550af26033ab5b0676781a6ca0ea1a",
                    "launchMode": "default",
                    "scene": null
                },
                {
                    "name": "pages/mall/mall",
                    "pathName": "pages/mall/mall",
                    "query": "",
                    "scene": null
                },
                {
                    "name": "pages/pay/pay",
                    "pathName": "pages/pay/pay",
                    "query": "",
                    "scene": null
                },
                {
                    "name": "pages/seller/seller",
                    "pathName": "pages/seller/seller",
                    "query": "",
                    "scene": null
                },
                {
                    "name": "pages/mycomment/mycomment",
                    "pathName": "pages/mycomment/mycomment",
                    "query": "",
                    "scene": null
                },
                {
                    "name": "pages/me/me",
                    "pathName": "pages/me/me",
                    "query": "",
                    "scene": null
                },
                {
                    "name": "pages/huishou/huishou",
                    "pathName": "pages/huishou/huishou",
                    "query": "",
                    "scene": null
                },
                {
                    "name": "pages/fabu/fabu",
                    "pathName": "pages/fabu/fabu",
                    "query": "",
                    "scene": null
                },
                {
                    "name": "pages/newGood/newGood",
                    "pathName": "pages/newGood/newGood",
                    "query": "",
                    "scene": null
                },
                {
                    "name": "pages/pay/pay",
                    "pathName": "pages/pay/pay",
                    "query": "",
                    "scene": null
                },
                {
                    "name": "",
                    "pathName": "pages/forum/forum",
                    "query": "",
                    "launchMode": "default",
                    "scene": null
                },
                {
                    "name": "",
                    "pathName": "pages/publish/publish",
                    "query": "",
                    "launchMode": "default",
                    "scene": null
                },
                {
                    "name": "",
                    "pathName": "pages/detail/detail",
                    "query": "goodid=058dfefe627651a701df52430dd64a9a",
                    "launchMode": "default",
                    "scene": null
                },
                {
                    "name": "",
                    "pathName": "pages/sellerList/sellerList",
                    "query": "openid=o3DoL0WEdzcJ20AVJg1crP96gbjM",
                    "launchMode": "default",
                    "scene": null
                },
                {
                    "name": "",
                    "pathName": "pages/comment/comment",
                    "query": "id=8f75309d6278f2d90222abd00721202e",
                    "launchMode": "default",
                    "scene": null
                }
            ]
        }
    },
    "projectname": "%E4%BA%91%E5%BC%80%E5%8F%91%E4%BA%8C%E6%89%8B%E5%95%86%E5%9F%8E20221022",
    "description": "项目私有配置文件。此文件中的内容将覆盖 project.config.json 中的相同字段。项目的改动优先同步到此文件中。详见文档：https://developers.weixin.qq.com/miniprogram/dev/devtools/projectconfig.html",
    "libVersion": "2.27.0"
}