[{
    "fields": [{
        "displayName": "审核状态",
        "enumElementType": "string",
        "enumElements": [{
            "label": "待审核",
            "value": "待审核"
        }, {
            "label": "审核通过",
            "value": "审核通过"
        }, {
            "label": "拒绝",
            "value": "拒绝"
        }],
        "id": "zqdktzpiy0eh5aaatjqb6oxs2bndxf6y",
        "name": "status",
        "order": 0,
        "type": "Enum"
    }, {
        "displayName": "是否注册人脸",
        "id": "vvv2zokkanmu2tsnicxjhwozm849mbz6",
        "name": "face",
        "order": 1,
        "type": "Boolean"
    }, {
        "displayName": "手机号",
        "id": "6mdlgfktmm5lj8ftogi60n85t1kpjmzv",
        "name": "phone",
        "order": 2,
        "type": "String"
    }, {
        "displayName": "密码",
        "id": "cgdygmheybh6oec703kdwcg8xse7ng89",
        "name": "password",
        "order": 3,
        "type": "String"
    }, {
        "displayName": "姓名",
        "id": "vruu6e214hasou0otzh30qbceaan825j",
        "name": "name",
        "order": 4,
        "type": "String"
    }, {
        "displayName": "职务",
        "id": "okxwm7yfm7nqvfwb4z2nbrn90qkfsdjn",
        "name": "work",
        "order": 5,
        "type": "String"
    }, {
        "copyable": true,
        "description": "系统字段，请勿随意修改",
        "displayName": "文档 ID",
        "id": "_id",
        "isHidden": true,
        "isSystem": true,
        "name": "_id",
        "type": "String"
    }, {
        "dateFormatType": "timestamp-ms",
        "description": "系统字段，请勿随意修改",
        "displayName": "创建时间",
        "id": "_createTime",
        "isSystem": true,
        "name": "_createTime",
        "type": "DateTime"
    }, {
        "dateFormatType": "timestamp-ms",
        "description": "系统字段，请勿随意修改",
        "displayName": "修改时间",
        "id": "_updateTime",
        "isSystem": true,
        "name": "_updateTime",
        "type": "DateTime"
    }, {
        "displayName": "积分",
        "id": "qzle66v3x9noxdtsvcwyjp36zz088g6c",
        "name": "score",
        "order": 9,
        "type": "Number"
    }],
    "collectionName": "user",
    "displayName": "用户表",
    "_id": "b00064a76082bf21109978a744767c3f"
}]